{"cameraMode":{"drawMode":0,"name":"Shaded","section":"Shading Mode"},"sceneLighting":true,"audioPlay":false,"sceneViewState":{"showFog":true,"showMaterialUpdate":false,"showSkybox":true,"showFlares":true,"showImageEffects":true,"showParticleSystems":true},"in2DMode":false,"pivot":{"x":-15.93796443939209,"y":2.377819061279297,"z":10.61341381072998},"rotation":{"x":0.38842642307281496,"y":-0.30636870861053469,"z":0.13872185349464417,"w":0.8580129146575928},"size":12.265411376953125,"orthographic":false}