{"cameraMode":{"drawMode":0,"name":"Shaded","section":"Shading Mode"},"sceneLighting":false,"audioPlay":false,"sceneViewState":{"showFog":true,"showMaterialUpdate":false,"showSkybox":false,"showFlares":true,"showImageEffects":true,"showParticleSystems":true},"in2DMode":false,"pivot":{"x":2.108229398727417,"y":2.0958752632141115,"z":1.0457762479782105},"rotation":{"x":-0.19285310804843903,"y":0.5691702365875244,"z":-0.1394881010055542,"w":-0.78705894947052},"size":2.020829200744629,"orthographic":false}