{"cameraMode":{"drawMode":0,"name":"Shaded","section":"Shading Mode"},"sceneLighting":true,"audioPlay":false,"sceneViewState":{"showFog":true,"showMaterialUpdate":false,"showSkybox":true,"showFlares":true,"showImageEffects":true,"showParticleSystems":true},"in2DMode":false,"pivot":{"x":-4.339926242828369,"y":0.7184256911277771,"z":4.539085388183594},"rotation":{"x":-0.20174352824687959,"y":0.4990054965019226,"z":-0.12071017175912857,"w":-0.8341543078422546},"size":12.39035701751709,"orthographic":false}